row_id,rule_violation
2029,0.21546184218878617
2030,0.5227309578910111
2031,0.747000851323505
2032,0.7809822115736272
2033,0.8144941292185831
2034,0.10547267792506992
2035,0.8216410973422688
2036,0.2549610397300371
2037,0.08827912627563311
2038,0.8397995415552423
